phrase,Frequency Level,Rank,Frequency </br> (per million words),Spoken general,Written general,Written academic,Example sentence,,,,,,,
THERE IS,1-K,165,59833,___,___,___,There are some problems.,#N/A,,,,,,
SUCH AN,1-K,551,23894,___,___,__,She had such a strange sense of humor. ,#N/A,,,,,,
IS TO ,1-K,845,15232,–,___,–,Obama is to address the media this afternoon.,#N/A,,,,,,
WAS TO ,1-K,894,14366,–,___,___,The message was to be transmitted worldwide.,#N/A,,,,,,
HAVE GOT,1-K,988,12734,___,__,–,I don’t know what he has got planned.,#N/A,,,,,,
IN ADDITION TO,2-K,1453,7822,___,___,___,The house was well located in addition.,#N/A,,,,,,
THAT IS (REPHRASING),2-K,1764,5737,___,___,___,"It’s yours, as long as you pay that is.",#N/A,,,,,,
ON ONE'S OWN,2-K,1886,5240,___,___,__,You did this on your own?,#N/A,,,,,,
A GOOD DEAL,2-K,1920,5126,___,___,__,She means a great deal to me.,#N/A,,,,,,
IN THE SENSE THAT,2-K,2018,4805,___,___,___,It’s great in that there are so many restaurants.,#N/A,,,,,,
FIND ONESELF,3-K,2280,3917,___,___,__,I found myself driving home.,#N/A,,,,,,
IT TAKES,3-K,2384,3670,___,___,___,No matter what it takes.,#N/A,,,,,,
GET OFF,3-K,2388,3656,___,___,–,We waited for hours in the queue to get on.,#N/A,,,,,,
ON THE BASIS OF,3-K,2442,3515,__,___,___,She came on the basis that it would help her.,#N/A,,,,,,
SHAKE ONE’S HEAD,3-K,2548,3250,__,___,–,He just shook his head and laughed.,#N/A,,,,,,
IN THE EVENT OF,3-K,2658,2998,–,___,___,"In the event you change your mind, let me know.",#N/A,,,,,,
USED TO ,3-K,2752,2831,___,___,__,It may take a while to get used to.,#N/A,,,,,,
THAT'S IT,3-K,2831,2674,___,_,–,"That’s it for today, I’m afraid.",#N/A,,,,,,
IN CONTRAST TO,3-K,3149,2229,__,___,___,The inside was amazing in contrast.,#N/A,,,,,,
UP TO US,4-K,3534,1807,___,___,___,I’ll leave it up to you if that’s all right.,#N/A,,,,,,
UP TO HIM,4-K,3534,1807,___,___,___,I’ll leave it up to you if that’s all right.,#N/A,,,,,,
UP TO HER,4-K,3534,1807,___,___,___,I’ll leave it up to you if that’s all right.,#N/A,,,,,,
UP TO THEM,4-K,3534,1807,___,___,___,I’ll leave it up to you if that’s all right.,#N/A,,,,,,
IN RETURN FOR,4-K,3640,1720,___,___,___,In return I’d like to present you with this gift.,#N/A,,,,,,
BUT THEN AGAIN,4-K,3803,1589,___,___,–,"I went over budget, but then I expected I would.",#N/A,,,,,,
BEEN RUN BY,4-K,3883,1540,___,___,___,The operation is run by two college students.,#N/A,,,,,,
IS RUN BY,4-K,3883,1540,___,___,___,The operation is run by two college students.,#N/A,,,,,,
ARE RUN BY,4-K,3883,1540,___,___,___,The operation is run by two college students.,#N/A,,,,,,
WAS RUN BY,4-K,3883,1540,___,___,___,The operation is run by two college students.,#N/A,,,,,,
WERE RUN BY,4-K,3883,1540,___,___,___,The operation is run by two college students.,#N/A,,,,,,
I'M AFRAID,4-K,3947,1495,___,__,–,"It hasn’t arrived, I’m afraid.",#N/A,,,,,,
MAKE ONE’S WAY,4-K,4035,1446,__,___,–,The mouse made its way across the field.,#N/A,,,,,,
RUN OUT OF,4-K,4062,1430,___,___,–,You need to get milk before you run out.,#N/A,,,,,,
TO ME ('IN MY OPINION'),4-K,4201,1345,___,__,_,To me what matters is that it gets done.,#N/A,,,,,,
A GOOD (‘AT LEAST’),4-K,4259,1298,___,___,__,It took him a good six or seven years.,#N/A,,,,,,
TAKE FOR GRANTED,5-K,4587,1120,___,___,__,It’s just something I’ve always taken for granted.,#N/A,,,,,,
GET ON (‘RELATE’),5-K,5010,944,___,__,–,My parent don’t really get on very well.,#N/A,,,,,,
IN ONE’S OWN RIGHT,5-K,5156,891,___,___,___,Gesture is a form of expression in its own right.,#N/A,,,,,,
JUST AS (‘WHEN’),5-K,5231,869,___,___,–,I saw him just as he left.,#N/A,,,,,,
TO COME (FUTURE),5-K,5255,862,___,___,___,We’ll see how things go in the weeks to come.,#N/A,,,,,,
TO GO (‘REMAINING’),5-K,5463,801,___,___,–,Two more to go.,#N/A,,,,,,
MAKE UP ONE’S MIND,5-K,5502,788,___,___,–,You’d better make up your mind.,#N/A,,,,,,
YOU SEE,2-K,1532,7102,___,–,–,And the problem you see is with awareness-raising.,you see,,,,,,
YET TO,4-K,3525,1818,___,___,___,The package is yet to arrive.,yet to,,,,,,
YET ANOTHER,4-K,3939,1500,___,___,___,That’s yet another day gone by with nothing done.,yet another,,,,,,
WOULD YOU LIKE,5-K,4558,1133,___,__,–,Would you like tea?,would you like,,,,,,
WOULD SAY,3-K,3224,2128,___,___,___,"I don’t know, but I would say at least twenty.",would say,,,,,,
WOULD APPEAR,5-K,4710,1068,___,___,___,"They people have spoken, it would appear.",would appear,,,,,,
WORTH OF,4-K,4257,1299,___,___,–,Two dollars worth of wood was all he needed.,worth of,,,,,,
WORK OUT,3-K,2131,4432,___,___,___,I’m trying to work out what it stands for.,work out,,,,,,
WORK ON,2-K,1487,7600,___,___,__,That kid needs to work on his attitude.,work on,,,,,,
WITH RESPECT TO,4-K,4233,1325,__,___,___,She had nothing to add with respect to the report.,with respect to,,,,,,
WITH REGARD TO,3-K,2863,2630,__,___,___,There was some confusion with regard to payment.,with regard to,,,,,,
WITH A VIEW TO,5-K,5354,829,___,___,___,It was written with a view to inspiring hope.,with a view to,,,,,,
WHETHER OR NOT,3-K,2759,2824,__,___,___,It depends on whether or not he comes on time.,whether or not,,,,,,
WHEN IT COMES TO,5-K,4465,1188,___,___,___,I’m hopeless when it comes to goodbyes.,when it comes to,,,,,,
WHAT IF,5-K,4915,984,___,__,_,What if we could fly?,what if,,,,,,
WHAT ABOUT,3-K,2584,3160,___,___,__,But what about tomorrow?,what about,,,,,,
WELL BEING,5-K,5438,809,___,___,__,It was good for their overall well being.,well being,,,,,,
WEALTH OF,5-K,5306,844,__,___,___,The library holds a wealth of knowledge.,wealth of,,,,,,
WAY ROUND,5-K,4846,1013,___,___,–,Do you know your way round?,way round,,,,,,
WAY OUT,4-K,4248,1309,___,___,–,He lives way out in the country.,way out,,,,,,
USED TO,1-K,892,14411,___,__,–,It used to snow much more often.,used to,,,,,,
UP TO YOU,4-K,3534,1807,___,___,___,I’ll leave it up to you if that’s all right.,up to you,,,,,,
UP TO ME,4-K,3534,1807,___,___,___,I’ll leave it up to you if that’s all right.,up to me,,,,,,
UP TO DATE,4-K,4319,1268,___,___,___,I try to keep up to date.,up to date,,,,,,
UP TO,2-K,1352,8733,___,___,___,Up to twenty people may be interviewed for the job.,up to,,,,,,
UP TO,3-K,3016,2409,___,___,___,I walked up to the window and paused.,up to,,,,,,
UP AND DOWN,5-K,5134,898,___,___,–,He was up and down the hall worrying about it.,up and down,,,,,,
UNDER WAY,5-K,5022,939,–,___,___,Changes are already under way.,under way,,,,,,
TURN UP,3-K,2734,2865,___,__,–,The money turned up later.,turn up,,,,,,
TURN OUT,3-K,2157,4354,___,___,___,How did it turn out?,turn out,,,,,,
TURN ON,3-K,3113,2266,___,___,__,It won’t turn on.,turn on,,,,,,
TURN INTO,4-K,3265,2072,___,___,__,The idea turned into something amazing.,turn into,,,,,,
TURN DOWN,5-K,5001,951,___,___,–,I won’t turn down such a great offer.,turn down,,,,,,
TURN BACK,5-K,5361,827,__,___,__,There was no turning back now.,turn back,,,,,,
TOUCH OF,5-K,4917,982,___,___,–,There was a touch of sadness in her voice.,touch of,,,,,,
TOO MUCH,2-K,1530,7123,___,___,__,I don’t worry about it too much.,too much,,,,,,
TOO MANY,3-K,2898,2587,___,___,___,"You don’t see too many like that one, I’ll tell you.",too many,,,,,,
TO THE POINT,4-K,4032,1447,___,___,___,It got to the point I couldn’t breathe.  ,to the point,,,,,,
TO THE EXTENT,4-K,4349,1253,–,___,___,He’s interesting to the extent that he knows a lot.,to the extent,,,,,,
TO SOME EXTENT,4-K,3686,1688,___,___,___,It is to some extent what is considered standard.,to some extent,,,,,,
TO DO WITH,2-K,1910,5184,___,__,___,I think it has something to do with physics.,to do with,,,,,,
TO DEATH,4-K,3650,1714,___,___,–,The children were bored to death.,to death,,,,,,
TO DATE,3-K,2888,2600,__,___,___,To date there have been over nine instances.,to date,,,,,,
TO BLAME,5-K,4944,973,___,___,___,"I think the government’s to blame, really.",to blame,,,,,,
THOUGHT OF AS,5-K,4713,1065,___,___,___,Beaches are thought of as vacation spots.,thought of as,,,,,,
THOUGHT OF,5-K,4713,1065,___,___,___,Beaches are thought of as vacation spots.,thought of,,,,,,
THOSE WHO,1-K,913,13951,–,___,___,He would defend those who had no voice.,those who,,,,,,
THIS STAGE,3-K,3152,2223,___,___,___,We can’t at this stage.,this stage,,,,,,
THIRD PARTY,4-K,4250,1307,–,–,___,They work with third party software too.,third party,,,,,,
THINK SO,4-K,3308,2033,___,__,__,Do you think so?,think so,,,,,,
THINK ABOUT,2-K,1517,7243,___,___,–,I’m thinking about changing careers.,think about,,,,,,
THINGS LIKE THAT,5-K,4671,1082,___,__,–,"He does karate and things like that, you see.",things like that,,,,,,
THEY SAY,3-K,2675,2962,___,__,–,They say it tastes like chicken.,they say,,,,,,
THESE DAYS,3-K,2992,2440,___,___,__,It’s what these days the media call ‘viral’.,these days,,,,,,
THERE ARE,1-K,165,59833,___,___,___,There are some problems.,there are,,,,,,
THE WHOLE THING,5-K,4834,1015,___,__,–,Why don’t we just forget the whole thing?,the whole thing,,,,,,
THE SIGHT OF,5-K,4816,1024,__,___,–,I can’t stand the sight of it.,the sight of,,,,,,
THE OUTSET,5-K,4959,963,___,___,___,"It went well, but not at the outset.",the outset,,,,,,
THE OTHER DAY,5-K,4711,1066,___,__,–,I thought of you the other day.,the other day,,,,,,
THE ODD,5-K,4523,1154,___,___,__,I do play the odd jazz tune.,the odd,,,,,,
THE MEANS,4-K,3791,1626,__,___,___,He hasn’t the means to get there.,the means,,,,,,
THE LOT,5-K,5497,789,___,__,–,"They tood the jewellery, the laptops, the lot.",the lot,,,,,,
THE LATTER,2-K,1815,5519,–,___,___,The latter may still be a challenge.,the latter,,,,,,
THE FORMER,4-K,3502,1842,–,___,___,The former can actually require much more money.,the former,,,,,,
THE FOLLOWING,1-K,974,12963,–,__,___,He made the following remarks.,the following,,,,,,
THE EXTENT TO WHICH,4-K,3601,1751,–,__,___,The extent to which the preceding can be asserted is largely dependent on what emerges in the study.,the extent to which,,,,,,
THE CASE,2-K,2022,4794,___,___,___,It’s not the case that I don’t love him.,the case,,,,,,
THE BULK OF,5-K,4950,968,___,___,___,The bulk of it was done by noon.,the bulk of,,,,,,
THE ABOVE,3-K,2879,2608,–,___,___,The above only underscores strength of the data.,the above,,,,,,
THAT WHICH,4-K,3955,1491,–,___,___,You cannot undo that which has already been done.,that which,,,,,,
THAT SORT OF THING,5-K,5309,843,___,–,–,He drinks a lot and that sort of thing.,that sort of thing,,,,,,
THAT MUCH,4-K,3567,1781,___,__,–,I don’t go out that much.,that much,,,,,,
THANKS TO,3-K,3199,2159,___,___,___,And it’s thanks to her research that we know that.,thanks to,,,,,,
TEND TO,2-K,1175,10504,___,___,___,I tend to think it’s actually a political matter.,tend to,,,,,,
TAKE UP,2-K,2038,4717,___,___,_,I don’t wish to take up more time than is necessary.,take up,,,,,,
TAKE PLACE,2-K,1169,10556,___,___,___,No one was sure exactly why it took place there.,take place,,,,,,
TAKE PART IN,3-K,3044,2374,__,___,___,It’s something we all wanted to take part in.,take part in,,,,,,
TAKE OVER,2-K,1843,5394,___,___,___,You can’t just let the kids take over.,take over,,,,,,
TAKE ON,3-K,2124,4451,___,___,__,You’d better think twice before taking on more work.,take on,,,,,,
TAKE OFF,4-K,3388,1957,___,___,__,I was hungry by the time we took off.,take off,,,,,,
TAKE INTO ACCOUNT,3-K,2702,2921,__,___,___,You must also take into account the rush hour.,take into account,,,,,,
TAKE CARE OF,5-K,4791,1034,___,___,___,I’ll take care of this customer.,take care of,,,,,,
TAKE ADVANTAGE,4-K,3396,1949,___,___,___,Some people just want to take advantage.,take advantage,,,,,,
TAKE ACCOUNT OF,4-K,4408,1217,__,___,___,We did not take account of the paperwork.,take account of,,,,,,
SWITCH ON,4-K,3406,1935,___,___,__,It’s plugged in but it won’t switch on.,switch on,,,,,,
SUPPOSED TO,2-K,2086,4586,___,___,___,"I didn’t go, but I was supposed to.",supposed to,,,,,,
SUCH THAT,4-K,4023,1454,__,___,___,It can be developed such that it does not interfere.,such that,,,,,,
SUCH AS,1-K,415,30857,__,___,___,"We have questions, such as how it happened.",such as,,,,,,_
SUCH A,1-K,551,23894,___,___,__,She had such a strange sense of humor. ,such a,,,,,,
SUBJECT TO,2-K,1900,5218,–,__,___,All baggage is subject to inspection.,subject to,,,,,,
STRAIGHT AWAY,5-K,5479,794,___,___,__,They’ll get to it straight away.,straight away,,,,,,
STAND FOR,5-K,4932,977,__,___,__,That symbol used to stand for something.,stand for,,,,,,
SORT OUT,3-K,2817,2696,___,___,___,They managed to sort out everything on their own.,sort out,,,,,,
SORT OF,1-K,951,13361,___,–,–,It’s sort of why I’m here.,sort of,,,,,,
SOMETHING OF A,5-K,4522,1154,___,___,–,She’s something of a mathematics wiz.,something of a,,,,,,
SOMETHING LIKE THAT,5-K,4461,1192,___,–,–,He said he had a meeting to go to or something like that.,something like that,,,,,,
SOMETHING LIKE,3-K,2622,3092,___,__,–,She makes something like five grand a month.,something like,,,,,,
SOMETHING ABOUT,4-K,3268,2071,___,___,–,There’s something about her I find interesting.,something about,,,,,,
SOME MORE,4-K,3887,1539,___,__,__,I’ll have to think some more before deciding.,some more,,,,,,
SOME KIND OF,4-K,3695,1678,___,___,–,"What are you, some kind of genius?",some kind of,,,,,,
SO THAT,1-K,635,20966,___,___,__,Park it so that the wheels are curbed.,so that,,,,,,
SO FAR AS,4-K,4356,1251,___,___,__,So far as I know it’s not the first time either.,so far as,,,,,,
SO FAR,2-K,1951,5018,___,___,___,Any questions so far?,so far,,,,,,
SO CALLED,3-K,2688,2944,___,___,___,Any so called rumors are as easily their fault.,so called,,,,,,
SO AS TO,4-K,3390,1954,___,___,___,He cluttered his desk so as to appear busy.,so as to,,,,,,
SIGHT OF,4-K,3357,1988,___,___,___,"I can’t stand the sight of it, to tell you the truth.",sight of,,,,,,
SHUT UP,5-K,4683,1079,___,___,–,I just couldn’t shut up.,shut up,,,,,,
SHOWN TO,4-K,4093,1409,–,___,___,Dogs have been shown to help.,shown to,,,,,,
SHORT TERM,3-K,2906,2574,___,___,___,There are many short term gains to be had.,short term,,,,,,
SHORT OF,4-K,3399,1944,__,___,___,"Short of calling the doctor, I don’t know what to do.",short of,,,,,,
SET UP,2-K,1079,11560,___,___,___,The whole thing was set up beforehand.,set up,,,,,,
SET TO,3-K,3121,2258,___,___,__,He’s set to arrive today.,set to,,,,,,
SET OUT,2-K,2064,4624,__,___,___,She accomplished what she set out to do.,set out,,,,,,
SET OFF,4-K,3738,1644,___,___,–,We set off at noon.,set off,,,,,,
SEEK TO,2-K,1716,5937,__,___,___,The new board sought to find alternative solutions.,seek to,,,,,,
SAID TO BE,3-K,2417,3586,–,___,__,The priest was said to be missing.,said to be,,,,,,
RUN OUT,4-K,4062,1430,___,___,–,You need to get milk before you run out.,run out,,,,,,
RUN BY,4-K,3883,1540,___,___,___,The operation is run by two college students.,run by,,,,,,
RIGHT NOW,4-K,3973,1482,___,___,–,The best time is right now.,right now,,,,,,
RID OF,3-K,3162,2212,___,___,__,She was happy to be rid of it.,rid of,,,,,,
RESULT IN,2-K,1759,5763,__,___,___,Excessive criticism resulted in feelings of animosity.,result in,,,,,,
RELY ON,3-K,2454,3488,___,___,___,He has no one else to rely on.,rely on,,,,,,
REGARD TO,3-K,2863,2630,__,___,___,There was some confusion with regard to payment.,regard to,,,,,,
REFLECTED IN,4-K,3989,1471,___,___,___,The artist’s angst is reflected in her painting.,reflected in,,,,,,
RATHER THAN,1-K,631,21085,___,___,___,"Children, rather than adults, tend to learn quickly.",rather than,,,,,,
QUITE A LOT,4-K,4337,1260,___,___,–,I do swim quite a lot.,quite a lot,,,,,,
PUT UP,4-K,3831,1571,___,___,–,The authorities put up a sign to notify the public.,put up,,,,,,
PUT TOGETHER,5-K,4670,1082,___,___,__,He put together the proposal in a matter of days.,put together,,,,,,
PUT IT,3-K,2983,2449,___,___,__,"There’s no better way to put it, I think.",put it,,,,,,
PUT FORWARD,4-K,3740,1640,__,___,___,The group put forward several other proposals.,put forward,,,,,,
PROVIDED THAT,5-K,4606,1110,__,___,___,It’s OK provided that he come up with the goods.,provided that,,,,,,
PROVIDE FOR,4-K,4153,1370,–,___,___,The other variables have been provided for.,provide for,,,,,,
PROVE TO BE,4-K,3456,1893,__,___,___,The bicycle proved to be of immense value.,prove to be,,,,,,
PRIOR TO,3-K,2608,3110,__,___,___,"Prior to the event, the organizers called the band.",prior to,,,,,,
POINT OUT,2-K,1638,6325,___,___,___,She pointed out that it was getting late.,point out,,,,,,
POINT OF VIEW,3-K,2735,2864,___,___,___,They all had a different point of view.,point of view,,,,,,
PICK UP,2-K,1299,9252,___,___,–,She dropped by to pick up her friend.,pick up,,,,,,
PART TIME,3-K,3061,2343,___,___,__,She can take it on part time.,part time,,,,,,
OWING TO,5-K,5485,793,___,___,___,"Owing to his honesty, he was held in high esteem.",owing to,,,,,,
OVER TIME,5-K,4704,1069,___,___,___,It might change over time.,over time,,,,,,
OVER THERE,3-K,2828,2678,___,__,–,He put it way over there.,over there,,,,,,
OVER THE YEARS,4-K,3402,1942,___,___,___,She has over the years visited many cities.,over the years,,,,,,
OUT THERE,3-K,2941,2513,___,___,–,There are simply no jobs out there right now.,out there,,,,,,
OUT OF,3-K,2156,4361,__,___,___,"In terms of colour, three out of five were silver.",out of,,,,,,
OUT OF,3-K,2711,2907,___,___,___,The walls are made out of wood.,out of,,,,,,
OUT OF,4-K,4025,1453,___,___,__,Most commuters drive out of pure necessity.,out of,,,,,,
OUGHT TO,2-K,1958,5002,___,__,–,She hasn’t but she ought to.,ought to,,,,,,
OTHER THAN,3-K,2149,4380,___,___,___,No one other than you could have come up with it.,other than,,,,,,
OR WHATEVER,4-K,3536,1806,___,–,–,The challenge or whatever is doing it under budget.,or whatever,,,,,,
OR TWO,2-K,1667,6192,___,___,__,"He had a thing or two to drink, then left.",or two,,,,,,
OR SOMETHING,3-K,2826,2683,___,__,–,The sales clerk seemed distracted or something.,or something,,,,,,
OR SO,3-K,2216,4164,___,___,___,A day or so later he called me back on my mobile.,or so,,,,,,
OR ANYTHING,4-K,4138,1379,___,__,–,I don’t want any trouble or anything.,or anything,,,,,,
OPPOSED TO,5-K,4726,1059,__,___,___,He’s strangely opposed to gun control.,opposed to,,,,,,
ONE ANOTHER,3-K,2868,2623,__,___,__,They looked at one another for a few minutes.,one another,,,,,,
ONCE MORE,3-K,3207,2146,___,___,___,I call on you once more my fellow citizens.,once more,,,,,,
ONCE AGAIN,3-K,2437,3532,___,___,___,"Once again, this was completely unforeseen. ",once again,,,,,,
ON THE WHOLE,4-K,4374,1238,___,___,___,It was acceptable on the whole. ,on the whole,,,,,,
ON THE WAY,2-K,1929,5085,___,___,__,We can stop for lunch on the way.,on the way,,,,,,
ON THE ROAD,4-K,4107,1400,___,___,–,I can’t wait to get on the road again.,on the road,,,,,,
ON THE PART OF,4-K,3379,1965,__,___,___,There are no barriers on the part of the government.,on the part of,,,,,,
ON THE OTHER HAND,2-K,1877,5267,___,___,___,"On the other hand, the business did make a profit.",on the other hand,,,,,,
ON THE ONE HAND,4-K,4095,1406,___,___,_,"On the one hand, it’s cheap.",on the one hand,,,,,,
ON THE MARKET,5-K,5051,928,__,___,___,How long has it been on the market?,on the market,,,,,,
ON THE GROUNDS,4-K,3652,1713,___,___,___,The decision was made on the grounds of safety.,on the grounds,,,,,,
ON THE BASIS,3-K,2442,3515,__,___,___,She came on the basis that it would help her.,on the basis,,,,,,
ON BOARD,4-K,3673,1698,___,___,__,Are you on board with the decision?,on board,,,,,,
ON BEHALF OF,3-K,2827,2679,–,__,___,I’d like to apologize on behalf of the committee. ,on behalf of,,,,,,
ON AVERAGE,5-K,4841,1014,___,___,__,How much does he make on average?,on average,,,,,,
OLD FASHIONED,4-K,4113,1393,___,___,–,He’s just a bit old fashioned sometimes.,old fashioned,,,,,,
OH WELL,3-K,3220,2129,___,–,–,It was due yesterday? Oh well.,oh well,,,,,,
OH NO,3-K,2857,2642,___,–,–,Oh no not again.,oh no,,,,,,
OH DEAR,4-K,3670,1700,___,–,–,He didn’t? Oh dear.,oh dear,,,,,,
OF LITTLE,5-K,4682,1079,___,___,___,"It was of little relevance, really.",of little,,,,,,
OF COURSE,1-K,483,26966,___,___,_,He said he’d come of course.,of course,,,,,,
NOTHING BUT,4-K,4004,1466,___,___,__,I have nothing but respect for her.,nothing but,,,,,,
NOT ONLY,1-K,908,14110,___,___,___,"Not only was it cheap, it was delicious.",not only,,,,,,
NOT EVEN,3-K,2599,3128,___,___,___,"No one cared, not even when they saw the photos.",not even,,,,,,
NO WONDER,5-K,5384,820,___,___,–,No wonder he’s ranked first.,no wonder,,,,,,
NO SUCH,4-K,3992,1470,___,___,___,He said no such thing.,no such,,,,,,
NO SIGN OF,5-K,5222,871,___,___,–,Still no sign of him?,no sign of,,,,,,
NO ONE,2-K,1262,9597,___,___,__,I will speak to no one about this.,no one,,,,,,
NO MORE THAN,3-K,2557,3226,__,___,___,No more than five of them had auto insurance.,no more than,,,,,,
NO MATTER,4-K,3461,1888,___,___,__,"No matter what they say, it’s down to you now.",no matter,,,,,,
NO LONGER,2-K,1371,8556,___,___,___,"Fortunately, it is no longer a concern now.",no longer,,,,,,
NO IDEA,4-K,3709,1670,___,__,–,You have no idea.,no idea,,,,,,
NO GOOD,4-K,3902,1528,___,___,–,It’s no good sitting there – you have to type.,no good,,,,,,
NO DOUBT,3-K,2776,2791,__,___,__,She can and will no doubt improve over time.,no doubt,,,,,,
NEXT TO,3-K,2724,2882,___,___,__,"Next to his sister, he was the best looking of them.",next to,,,,,,
NEXT DOOR,4-K,4029,1449,___,___,–,The people next door didn’t seem to mind.,next door,,,,,,
NEVER MIND,5-K,5082,915,___,__,–,Never mind that it’s my birthday today.,never mind,,,,,,
MOVE ON,3-K,3134,2245,___,___,__,I’d like to move on if I may.,move on,,,,,,
MOST LIKELY,4-K,4143,1376,___,___,___,It is most likely the reason for the warming.,most likely,,,,,,
MORE SO,5-K,5171,887,___,___,___,"Boston is walkable, and San Francisco more so.",more so,,,,,,
MORE OR LESS,3-K,2903,2579,___,___,___,It’s more or less what we imagined I suppose.,more or less,,,,,,
MORE AND MORE,3-K,2967,2468,___,___,___,More and more it’s about the customer.,more and more,,,,,,
MIND YOU,4-K,4207,1342,___,__,–,"Mind you, that’s one reason why I go there.",mind you,,,,,,
MIGHT AS WELL,4-K,4195,1348,___,___,–,We’re here now so we might as well.,might as well,,,,,,
MEANT TO,3-K,3240,2098,___,___,___,I haven’t seen it but it’s meant to be his best so far.,meant to,,,,,,
MAY WELL,2-K,1982,4931,___,___,___,He hasn’t yet but may well try before long.,may well,,,,,,
MANAGE TO,2-K,1661,6234,___,___,___,Did you manage to get in touch at all?,manage to,,,,,,
MAKE USE OF,5-K,4462,1191,___,___,___,We made use of the stopover.,make use of,,,,,,
MAKE UP,3-K,2498,3394,__,___,___,Hispanics make up a large part of the population.,make up,,,,,,
MAKE SURE,2-K,1818,5510,___,___,___,I had to make sure before I opened the door.,make sure,,,,,,
MAKE SENSE,4-K,3782,1608,___,___,__,Doesn’t it make sense to do it that way?,make sense,,,,,,
MAKE OUT,5-K,5311,842,__,___,–,He could barely make out her signature.,make out,,,,,,
MAKE ITS WAY,4-K,4035,1446,__,___,–,The mouse made its way across the field.,make its way,,,,,,
LOTS OF,3-K,2409,3605,___,___,–,Lots of them do travel during the winter months.,lots of,,,,,,
LOOK TO,5-K,5492,790,___,___,___,He constantly looked to us for advice and support.,look to,,,,,,
LOOK LIKE,2-K,1591,6595,___,___,–,It’s not what it looks like.,look like,,,,,,
LOOK FORWARD TO,3-K,3067,2331,___,___,–,It’s something we can all look forward to.,look forward to,,,,,,
LOOK FOR,2-K,1387,8377,___,___,__,Bargains can be found if you know what to look for.,look for,,,,,,
LOOK AFTER,3-K,2164,4332,___,___,–,She did more than just look after the finances.,look after,,,,,,
LONG TERM,2-K,1740,5831,___,___,___,"It seems to work, but what of the long term effects?",long term,,,,,,
LONG BEFORE,4-K,4290,1282,___,___,___,Long before I could quit I was offered a promotion.,long before,,,,,,
LONG AGO,4-K,4307,1273,___,___,___,I gave up on that idea long ago.,long ago,,,,,,
LITTLE MORE THAN,5-K,4556,1133,__,___,___,It’s little more than pageantry if you ask me.,little more than,,,,,,
LIMITED TO,4-K,4199,1346,–,___,___,The dinner was limited to seniors.,limited to,,,,,,
LIKELY TO,1-K,807,15854,___,___,___,"To be honest, I’m likely to forget.",likely to,,,,,,
LET ALONE,4-K,4333,1261,___,___,___,I can’t run let alone walk.,let alone,,,,,,
LED BY,3-K,2942,2511,–,___,___,He was led by his competitive drive above all.,led by,,,,,,
LEAD TO,1-K,939,13555,__,___,___,Excessive smoking can lead to heart disease.,lead to,,,,,,
LAY OUT,5-K,5496,789,___,___,___,The countries laid out plans for a peace agreement.,lay out,,,,,,
LAST NIGHT,2-K,1427,7992,___,__,–,What did he say last night?,last night,,,,,,
LARGE SCALE,4-K,3780,1610,__,___,___,They were thinking on a large scale.,large scale,,,,,,
KNOWN TO,3-K,2624,3091,–,___,___,He’s known to be like that.,known to,,,,,,
KIND OF,3-K,2445,3510,___,__,–,The windows are kind of fogged up.,kind of,,,,,,
KEY TO,4-K,3940,1499,___,___,___,Her input was key to the project’s success.,key to,,,,,,
KEEP UP,4-K,3700,1674,___,___,__,Keep up if you can.,keep up,,,,,,
KEEP ON,5-K,5501,788,___,___,–,Freeways kept on being built.,keep on,,,,,,
JUST ABOUT,4-K,3763,1622,___,__,–,Am I finished? Just about.,just about,,,,,,
INSTEAD OF,2-K,1556,6907,___,___,___,He can go instead of me.,instead of,,,,,,
IN WHICH CASE,5-K,5216,872,___,___,___,"That means it’s midnight, in which case it’s closed.",in which case,,,,,,
IN VIEW OF,4-K,3979,1477,–,___,___,She reconsidered in view of her children.,in view of,,,,,,
IN TURN,3-K,2429,3558,__,___,___,The supermarket in turn will donate seven thousand.,in turn,,,,,,
IN TOUCH,3-K,2636,3060,___,___,__,Are you two at all in touch?,in touch,,,,,,
IN TIME,3-K,2425,3566,___,___,___,You will in time.,in time,,,,,,
IN THIS RESPECT,5-K,4605,1110,–,___,___,"In this respect, our study refutes earlier research.",in this respect,,,,,,
IN THEORY,5-K,4712,1065,___,___,___,In theory that is why he went there.,in theory,,,,,,
IN THE WAY,3-K,2654,3013,___,___,–,I won’t stand in the way.,in the way,,,,,,
IN THE SAME WAY,4-K,3560,1784,___,___,___,"In the same way, Apple appeals to the young.",in the same way,,,,,,
IN THE MEANTIME,5-K,4501,1161,___,___,___,I’ll keep working on it in the meantime.,in the meantime,,,,,,
IN THE LIGHT OF,4-K,3554,1789,__,___,___,"In the light of the results, we delayed the study.",in the light of,,,,,,
IN THE INTEREST OF,5-K,5025,938,__,___,___,They stopped in the interest of time.,in the interest of,,,,,,
IN THE FIRST PLACE,4-K,3450,1897,___,___,___,He couldn’t see how it got there in the first place.,in the first place,,,,,,
IN THE FACE OF,4-K,4020,1457,__,___,___,They quit in the face of the media scrutiny.,in the face of,,,,,,
IN THE EVENT,3-K,2658,2998,–,___,___,"In the event you change your mind, let me know.",in the event,,,,,,
IN THE END,3-K,2637,3050,___,___,___,In the end it’s like what they say about horses.,in the end,,,,,,
IN THE COURSE OF,3-K,2899,2585,__,___,___,In the course of the discussion the manager left.,in the course of,,,,,,
IN THE ABSENCE OF,4-K,3888,1538,–,___,___,"In the absence of truth, there is only conjecture.",in the absence of,,,,,,
IN THAT,2-K,2018,4805,___,___,___,It’s great in that there are so many restaurants.,in that,,,,,,
IN TERMS OF,2-K,1234,9881,___,___,___,"What is your limit, in terms of price?",in terms of,,,,,,
IN SPITE OF,3-K,2829,2676,__,___,___,In spite of all the work there were few alterations.,in spite of,,,,,,
IN SO FAR AS,3-K,3059,2344,__,___,___,The plan was fine in so far as time and transport.,in so far as,,,,,,
IN SHORT,4-K,3790,1602,–,___,___,The employees were in short tired of it.,in short,,,,,,
IN RETURN,4-K,3640,1720,___,___,___,In return I’d like to present you with this gift.,in return,,,,,,
IN RESPECT OF,3-K,2709,2909,–,___,___,There was nothing in respect of drink.,in respect of,,,,,,
IN QUESTION,4-K,3448,1898,–,__,___,The book in question was published last year.,in question,,,,,,
IN PRINCIPLE,4-K,4063,1429,__,___,___,You can in principle.,in principle,,,,,,
IN PRACTICE,3-K,2407,3609,__,___,___,There was nothing she could do in practice.,in practice,,,,,,
IN PLACE,3-K,2767,2805,__,___,___,There are systems in place to handle that.,in place,,,,,,
IN PARTICULAR,2-K,1533,7092,__,___,___,There’s nothing in particular wrong with it.,in particular,,,,,,
IN PART,3-K,2848,2652,–,___,___,It is in part the reason people come here.,in part,,,,,,
IN OTHER WORDS,3-K,2586,3159,___,___,___,The groups are in other words conservative.,in other words,,,,,,
IN ORDER TO,1-K,984,12762,___,___,___,We shared a room in order to reduce costs,in order to,,,,,,
IN NEED,5-K,4584,1122,_,___,___,We want to help children in need.,in need,,,,,,
IN MIND,3-K,2859,2638,___,___,___,Do you have anything special in mind?,in mind,,,,,,
IN LINE WITH,4-K,4372,1240,___,___,___,The decision is in line with the department’s wishes.,in line with,,,,,,
IN ITSELF,4-K,3491,1855,___,___,___,The car in itself wasn’t enough incentive. ,in itself,,,,,,
IN HAND,4-K,4037,1443,___,___,–,It was well in hand by then.,in hand,,,,,,
IN FULL,4-K,3672,1698,–,___,___,She paid in full.,in full,,,,,,
IN FRONT OF,2-K,1908,5190,___,___,___,She did not want to say anything in front of the kids.,in front of,,,,,,
IN FAVOUR,3-K,2231,4073,___,___,___,I don’t know about you but I’m in favour. ,in favour,,,,,,
IN FACT,1-K,803,15983,___,___,___,"The researchers tried several approaches, in fact.",in fact,,,,,,
IN EFFECT,4-K,3349,1995,___,___,___,In effect it was like being in space.,in effect,,,,,,
IN DETAIL,4-K,3984,1473,___,___,___,I can explain in detail.,in detail,,,,,,
IN CONTRAST,3-K,3149,2229,__,___,___,The inside was amazing in contrast.,in contrast,,,,,,
IN CONJUNCTION WITH,4-K,4314,1270,–,___,___,"The police, in conjunction with the fire department, managed to keep the crowd under control.",in conjunction with,,,,,,
IN COMMON,4-K,3457,1890,___,___,___,What they have in common is their stamina.,in common,,,,,,
IN CHARGE,3-K,2999,2432,___,___,___,He was able to stay in charge while she was away.,in charge,,,,,,
IN CASE,3-K,2926,2536,___,___,___,"In case you’re wondering, this isn’t my natural color.",in case,,,,,,
IN ANY CASE,3-K,3197,2159,___,___,___,It’s not due till tomorrow in any case.,in any case,,,,,,
IN ADVANCE,4-K,3362,1983,___,___,___,It’s something you should do in advance.,in advance,,,,,,
IN ADDITION,2-K,1453,7822,___,___,___,The house was well located in addition.,in addition,,,,,,
IN ACCORDANCE WITH,4-K,3327,2017,–,___,___,The plan was execute in accordance with municipal guidelines.,in accordance with,,,,,,
IN A WAY,3-K,2823,2684,___,___,__,It’s funny in a way.,in a way,,,,,,
IN A SENSE,5-K,4840,1014,___,___,___,The food was in a sense only part of the experience.,in a sense,,,,,,
IN A POSITION TO,5-K,5247,864,___,___,___,I’m not in a position to comment right now.,in a position to,,,,,,
IF YOU LIKE,4-K,4342,1256,___,__,–,It was her ‘chutzpah’ if you like that impressed.,if you like,,,,,,
IF SO,4-K,3960,1488,___,___,___,"If so, you may want to consider Greece.",if so,,,,,,
IF ONLY,4-K,3511,1830,___,___,__,If only I’d known sooner.,if only,,,,,,
I MEAN,1-K,556,23616,___,–,–,"It’s fine, but, I mean, is it worth the price?",i mean,,,,,,
HOW ABOUT,5-K,5447,805,___,__,–,How about tomorrow?,how about,,,,,,
HOLD UP,5-K,5491,791,___,___,–,Sorry – we got held up on the M25.,hold up,,,,,,
HELD THAT,4-K,3718,1661,–,___,___,The congress held that it was acceptable.,held that,,,,,,
HEARD OF,3-K,3022,2403,___,___,__,Haven’t you ever heard of manners?,heard of,,,,,,
HEAD TO,5-K,4839,1014,___,___,–,"Meanwhile, he decided to head to the hospital. ",head to,,,,,,
HAVE TO,1-K,107,83092,___,___,__,I exercise because I have to.,have to,,,,,,
HAVE GOT TO,2-K,1033,12270,___,___,–,You have got to try this salad.,have got to,,,,,,
HAVE A LOOK,3-K,2970,2464,___,__,–,Why don’t you have a look?,have a look,,,,,,
HAPPEN TO BE,4-K,3715,1664,___,___,–,This happens to be my first conference.,happen to be,,,,,,
HAPPEN TO,4-K,3715,1664,___,___,–,This happens to be my first conference.,happen to,,,,,,
HANG ON,4-K,3263,2074,___,___,–,If you can hang on for just a second.,hang on,,,,,,
HAND OVER,4-K,3548,1798,___,___,__,The responsibility was expected to be handed over.,hand over,,,,,,
HALF PAST,4-K,4232,1325,___,___,–,I make it half past.,half past,,,,,,
HAD BETTER,4-K,3323,2022,___,___,__,They had better listen.,had better,,,,,,
GREATER THAN,4-K,3712,1666,__,___,___,Anything greater than five is fine.,greater than,,,,,,
GOOD AT,4-K,3847,1562,___,__,–,You need to find something you’re good at.,good at,,,,,,
GOING TO,1-K,463,28259,___,___,–,I’m going to think about it.,going to,,,,,,
GO THROUGH,2-K,1733,5857,___,___,___,You can’t imagine what I’m going through.,go through,,,,,,
GO ROUND,5-K,4819,1022,___,___,–,I’ll go round asking if anyone wants any more.,go round,,,,,,
GO OUT,2-K,1912,5173,___,___,_,Brochures went out to prospective buyers.,go out,,,,,,
GO ON,1-K,825,15610,___,___,__,He went on for a while before stopping for lunch.,go on,,,,,,
GO OFF,3-K,2919,2551,__,___,–,She went off without even saying goodbye.,go off,,,,,,
GO INTO,3-K,2892,2595,___,___,__,I won’t go into what he said.,go into,,,,,,
GO FOR,3-K,2483,3421,___,__,–,I could really go for a hamburger right now.,go for,,,,,,
GO BACK,3-K,2361,3722,___,___,___,If I could I’d go back and do it all over again.,go back,,,,,,
GO AWAY,3-K,3205,2150,___,___,__,The problem won’t just go away.,go away,,,,,,
GO AHEAD,4-K,3320,2023,___,___,__,Why don’t you go ahead and call him again?,go ahead,,,,,,
GIVEN THAT,4-K,4362,1247,___,___,___,It was no surprise given that it was her job.,given that,,,,,,
GIVE UP,3-K,2258,3997,___,___,__,You can’t just give up.,give up,,,,,,
GIVE RISE TO,4-K,3774,1613,__,___,___,The protests gave rise to new violence.,give rise to,,,,,,
GET UP,3-K,2298,3857,___,___,–,It was easy getting up but the commute was awful.,get up,,,,,,
GET TO,3-K,2263,3979,___,___,__,When he got to the end he started to weep.,get to,,,,,,
GET TO,4-K,4052,1437,___,___,–,Did you get to try the cheese?,get to,,,,,,
GET OUT,2-K,2001,4858,___,___,–,There was no way to get out of work that Friday.,get out,,,,,,
GET ON WITH,4-K,3896,1535,___,___,–,I need to get on with my work.,get on with,,,,,,
GET ON,3-K,2388,3656,___,___,–,We waited for hours in the queue to get on.,get on,,,,,,
GET INTO,3-K,2446,3508,___,___,__,I really got into what he was talking about.,get into,,,,,,
GET BACK,3-K,2575,3178,___,___,__,What time will we get back?,get back,,,,,,
GET AWAY WITH,5-K,5366,824,___,___,–,Somehow they managed to get away with it.,get away with,,,,,,
GET AWAY,5-K,4497,1165,___,___,–,They managed to get away.,get away,,,,,,
FULL TIME,3-K,2785,2761,___,___,__,I’m a full time fan of his music.,full time,,,,,,
FROM TIME TO TIME,4-K,3760,1627,___,___,__,He does come round from time to time.,from time to time,,,,,,
FREE FROM,5-K,4896,991,–,___,___,I dream of a life free from stress.,free from,,,,,,
FOUND TO,3-K,3235,2104,–,___,___,It was found to be of little use in battle.,found to,,,,,,
FOR THE SAKE OF,5-K,5244,865,___,___,__,He exaggerated his points for the sake of effect.,for the sake of,,,,,,
FOR THE MOMENT,5-K,4649,1092,___,___,__,For the moment things seem stable.,for the moment,,,,,,
FOR SOME TIME,4-K,3632,1725,___,___,___,He’s actually been studying for some time now.,for some time,,,,,,
FOR SALE,4-K,4136,1379,__,___,–,The house is for sale.,for sale,,,,,,
FOR LONG,4-K,3861,1553,___,___,_,"He did attend university, but not for long.",for long,,,,,,
FOR LIFE,5-K,4484,1172,___,___,___,And he stayed there for life.,for life,,,,,,
FOR INSTANCE,2-K,1529,7138,__,___,___,That holds true for even the governor for instance.,for instance,,,,,,
FOR GOOD,5-K,4721,1061,___,__,–,It’s gone for good.,for good,,,,,,
FOR ALL,5-K,4471,1182,___,___,__,"For all his money, he does not seem very happy.",for all,,,,,,
FOND OF,5-K,5348,831,___,___,–,"I’m not very fond of it, to be honest.",fond of,,,,,,
FOLLOWED BY,2-K,2013,4816,__,___,___,The workshop will be followed by time for questions.,followed by,,,,,,
FOLLOW UP,3-K,3222,2128,__,___,___,I’d like to follow up on what that gentleman said.,follow up,,,,,,
FOCUS ON,3-K,2371,3703,___,___,___,But today I’d like to focus on something different.,focus on,,,,,,
FIRST OF ALL,4-K,4182,1352,___,__,__,It is first of all what most people prefer.,first of all,,,,,,
FIND OUT,2-K,1605,6499,___,___,___,How did you find out?,find out,,,,,,
FILL IN,5-K,4466,1187,___,___,___,The victim filled in what was stolen.,fill in,,,,,,
FEEL LIKE,3-K,3000,2431,___,__,–,I feel like eating out.,feel like,,,,,,
FAIL TO,2-K,1204,10263,___,___,___,I fail to see the humor in all this.,fail to,,,,,,
FACED WITH,4-K,3722,1658,__,___,__,"Faced with defeat, he changed tactics.",faced with,,,,,,
EXCEPT THAT,4-K,4262,1296,___,___,__,It seemed fine except that it was pink.,except that,,,,,,
EVER SINCE,4-K,3762,1622,___,___,__,And they haven’t been the same ever since.,ever since,,,,,,
EVEN THOUGH,2-K,1778,5664,___,___,___,I can’t even though it looks easy enough.,even though,,,,,,
EVEN SO,4-K,4165,1363,___,___,___,"Even so, it’s no way to treat a guest.",even so,,,,,,
ENTITLED TO,3-K,2606,3113,__,___,___,You’re entitled to your opinion.,entitled to,,,,,,
END UP,3-K,2536,3285,___,___,___,We ended up going anyway.,end up,,,,,,
EACH OTHER,2-K,1209,10160,___,___,__,The good thing is that they still have each other.,each other,,,,,,
DUE TO,2-K,1183,10454,___,___,___,Many people believe it is due to global warming.,due to,,,,,,
DOING SO,4-K,3733,1647,__,___,___,"Unfortunately, doing so also meant facing traffic.",doing so,,,,,,
DEAL WITH,1-K,934,13634,___,___,___,The police had several issues to deal with.,deal with,,,,,,
DAY TO DAY,4-K,4278,1289,___,___,__,They carried on with their day to day tasks.,day to day,,,,,,
COULD HARDLY,4-K,3431,1911,___,___,__,I could hardly wait for the weekend.,could hardly,,,,,,
CONTRARY TO,4-K,4253,1303,__,___,___,"The city is clean, contrary to popular belief.",contrary to,,,,,,
CONSISTENT WITH,4-K,4242,1315,–,__,___,The results are consistent with our hypothesis.,consistent with,,,,,,
CONSIST OF,2-K,1850,5362,__,___,___,What does it consist of?,consist of,,,,,,
CONCERNED WITH,2-K,2068,4619,__,___,___,They spoke on issues concerned with culture.,concerned with,,,,,,
COMMON SENSE,5-K,4749,1049,___,___,___,To me it’s common sense.,common sense,,,,,,
COME UP WITH,4-K,3446,1898,___,___,__,Is that the best you could come up with?,come up with,,,,,,
COME UP TO,5-K,5193,881,___,___,–,Men always come up to me first.,come up to,,,,,,
COME TO TERMS WITH,5-K,5323,839,__,___,__,They were finally able to come to terms with the change in weather.,come to terms with,,,,,,
COME TO,2-K,1970,4970,___,___,__,We came to see it for what it was.,come to,,,,,,
COME OUT,2-K,1696,6031,___,___,___,It’s supposed to come out on Friday.,come out,,,,,,
COME ON,2-K,2105,4519,___,__,–,"Come on, think about it!",come on,,,,,,
COME BACK,2-K,1573,6772,___,___,___,But we can come back to that later.,come back,,,,,,
COME ACROSS,4-K,4167,1362,___,___,__,They happened to come across a map.,come across,,,,,,
COME ABOUT,5-K,5504,787,___,___,__,It all came about through a meeting back in April.,come about,,,,,,
CHOOSE TO,3-K,2616,3099,___,___,___,You may choose to believe what the papers say.,choose to,,,,,,
CATCH UP,5-K,4634,1095,___,___,–,I took extra classes just to catch up.,catch up,,,,,,
CARRY OUT,2-K,1146,10753,__,___,___,It was not as easy to carry out without funding.,carry out,,,,,,
CARRY ON,3-K,2345,3759,___,___,___,He could simply not carry on.,carry on,,,,,,
CARE TO,4-K,4396,1223,___,___,–,Do you care to comment at all?,care to,,,,,,
CARE FOR,3-K,2657,3004,___,___,___,He doesn’t care for it very much in his tea.,care for,,,,,,
CAN TELL,5-K,4850,1011,___,__,–,You can tell from the markings.,can tell,,,,,,
CALL ON,4-K,3328,2016,__,___,__,He called on his members of staff for advice.,call on,,,,,,
CALL FOR,2-K,1657,6243,__,___,___,Hard times call for tough measures.,call for,,,,,,
BY WAY OF,4-K,4099,1404,__,___,___,It was only by way of bribery that they managed.,by way of,,,,,,
BY VIRTUE OF,5-K,4991,954,___,___,___,She won by virtue of her superior intellect.,by virtue of,,,,,,
BY THE WAY,4-K,4058,1433,___,___,–,"By the way, what day is the wedding?",by the way,,,,,,
BY THE TIME,3-K,2408,3607,___,___,__,By the time dinner started there were none left.,by the time,,,,,,
BY NOW,4-K,3295,2044,___,___,__,I thought they’d be here by now.,by now,,,,,,
BY NO MEANS,4-K,3417,1925,___,___,___,We have by no means concluded the matter.,by no means,,,,,,
BY MEANS OF,4-K,3789,1602,__,___,___,It was possible to achieve by means of coercion. ,by means of,,,,,,
BY FAR,5-K,5060,925,___,___,___,The rise in unemployment was by far the highest.,by far,,,,,,
BY CONTRAST,4-K,4061,1430,__,___,___,The weather was by contrast a pleasant surprise.,by contrast,,,,,,
BUT THEN,4-K,3803,1589,___,___,–,"I went over budget, but then I expected I would.",but then,,,,,,
BRING UP,4-K,3387,1958,___,___,___,Did you manage to bring up the holiday pay?,bring up,,,,,,
BRING ABOUT,4-K,3322,2022,–,___,___,It was expected that he would bring about change.,bring about,,,,,,
BREAK UP,4-K,3796,1595,___,___,–,They did keep in touch after they broke up.,break up,,,,,,
BOUND TO,3-K,3104,2278,___,___,___,It’s bound to be better next time.,bound to,,,,,,
BOTHER TO,5-K,4754,1046,___,___,–,He never bothered to reply.,bother to,,,,,,
BETTER OFF,5-K,4919,980,___,___,__,You’re better off without him.,better off,,,,,,
BELIEVE IN,3-K,2981,2450,___,___,–,I don’t believe in corporal punishment.,believe in,,,,,,
BEAR IN MIND,4-K,4109,1398,___,___,___,It was designed bearing in mind environmental impact.,bear in mind,,,,,,
BE RUN BY,4-K,3883,1540,___,___,___,The operation is run by two college students.,be run by,,,,,,
BE EXPECTED TO,2-K,1713,5964,___,___,___,They can’t be expected to just sit there and wait.,be expected to,,,,,,
BASED ON,2-K,1088,11440,___,___,___,"Based on the reports, it seems it was an accident.",based on,,,,,,
BACKED BY,5-K,5285,850,–,___,–,The group is backed by the drug trade.,backed by,,,,,,
BACK UP,5-K,4761,1042,___,___,__,I have proof to back up my story.,back up,,,,,,
AT WORK,5-K,5503,787,–,___,___,There were strange forces at work.,at work,,,,,,
AT TIMES,4-K,3331,2014,___,___,___,It can be slightly frustrating at times.,at times,,,,,,
AT THIS POINT,4-K,3465,1884,___,___,___,At this point there’s no telling who might win.,at this point,,,,,,
AT THE TIME,2-K,1873,5282,___,___,___,I was busy at the time.,at the time,,,,,,
AT THE SAME TIME,3-K,2719,2892,___,___,___,At the same time it may be worth it.,at the same time,,,,,,
AT THE OUTSET,5-K,4959,963,___,___,___,"It went well, but not at the outset.",at the outset,,,,,,
AT THE MOMENT,2-K,1959,5001,___,___,___,They have a lot going on at the moment.,at the moment,,,,,,
AT THE EXPENSE OF,5-K,4656,1086,__,___,___,They were laughing at the expense of the photo.,at the expense of,,,,,,
AT RISK,4-K,4077,1419,__,___,___,There’s no reason to put passers by at risk.,at risk,,,,,,
AT PRESENT,3-K,2744,2847,_,___,___,There’s nothing to do at present.,at present,,,,,,
AT ONE TIME,5-K,4837,1014,___,___,___,At one time I thought that too.,at one time,,,,,,
AT ONCE,3-K,2379,3684,___,___,___,I did it at once.,at once,,,,,,
AT LEAST,1-K,518,25034,___,___,___,"Well, you could email me at least.",at least,,,,,,
AT LAST,3-K,2173,4306,___,___,__,At last we met over coffee last week.,at last,,,,,,
AT FIRST,3-K,2180,4275,___,___,___,"Not at first, but just the other day there was one.",at first,,,,,,
AT BEST,5-K,5303,844,___,___,__,He’s at best average.,at best,,,,,,
AT ALL,1-K,879,14650,___,___,___,Do you have any kids at all?,at all,,,,,,
AT A TIME,4-K,4210,1340,___,___,___,They went in two at a time.,at a time,,,,,,
AS YET,4-K,4072,1423,__,___,___,I’m not convinced as yet.,as yet,,,,,,
AS WELL AS,1-K,717,18041,___,___,___,She jogs as well as swims. ,as well as,,,,,,
AS WELL,2-K,1083,11519,___,___,___,I like it as well.,as well,,,,,,
AS USUAL,4-K,4282,1287,___,___,__,As usual he left it until the last minute.,as usual,,,,,,
AS TO,2-K,1082,11535,__,___,___,There was some confusion as to its whereabouts.,as to,,,,,,
AS THOUGH,2-K,1967,4988,__,___,___,"He smiled then, as though remembering a joke.",as though,,,,,,
AS SUCH,3-K,3094,2290,__,___,___,The film was not a horror as such.,as such,,,,,,
AS SOON AS,2-K,1861,5323,___,___,___,As soon as he can he will call you back.,as soon as,,,,,,
AS OPPOSED TO,4-K,3771,1615,__,___,___,"Better now, as opposed to what?",as opposed to,,,,,,
AS OF,5-K,4703,1069,___,___,___,It was completed as of June.,as of,,,,,,
AS LONG AS,2-K,1931,5084,___,___,__,It makes no difference as long as it’s done.,as long as,,,,,,
AS IT WERE,5-K,4909,985,___,___,_,The party was a smash as it were.,as it were,,,,,,
AS IF,1-K,888,14470,___,___,–,They walked together as if no time had passed.,as if,,,,,,
AS GOOD AS,5-K,4759,1043,___,___,__,It’s as good as gone.,as good as,,,,,,
AS FOR,3-K,2588,3157,___,___,___,"As for the promotion, there may be other options.",as for,,,,,,
AS FOLLOWS,3-K,2871,2620,–,___,___,The plan is as follows.,as follows,,,,,,
AS FAR AS,2-K,2067,4619,___,___,___,"What are you thinking, as far as feasibility on this?",as far as,,,,,,
AS A WHOLE,3-K,2404,3615,___,___,___,As a whole it’s OK.,as a whole,,,,,,
AS A RESULT,2-K,1438,7939,__,___,___,He was tired and as a result not very aware.,as a result,,,,,,
APPEAL TO,3-K,2531,3299,___,___,___,It appeals to younger learners.,appeal to,,,,,,
APART FROM,2-K,1647,6287,___,___,___,"Are there any others, apart from him?",apart from,,,,,,
AND SO ON,2-K,2087,4584,___,___,___,"My parents arrived, then John, his wife, and so on.",and so on,,,,,,
AND ALL THAT,5-K,4901,989,___,–,–,I like art and all that.,and all that,,,,,,
AMOUNT TO,4-K,3854,1556,__,___,___,"Unfortunately, the player never amounted to much.",amount to,,,,,,
ALONG WITH,2-K,1974,4948,___,___,___,"Along with his dog, the cat slowly stopped eating.",along with,,,,,,
ALLOW FOR,5-K,4614,1105,__,___,___,"Even if you allow for inflation, the price increase still seems exhorbitant.",allow for,,,,,,
ALL TOO,4-K,3830,1571,___,___,–,Why is this all too familiar?,all too,,,,,,
ALL THE WAY,4-K,3340,2007,___,___,___,I’m with you all the way.,all the way,,,,,,
ALL THE TIME,3-K,2439,3527,___,___,__,I go there all the time.,all the time,,,,,,
ALL SORTS OF,4-K,3895,1535,___,___,__,We have all sorts of time left.,all sorts of,,,,,,
ALL RIGHT,2-K,1894,5230,___,___,–,If it’s all right I think I’ll head off to bed.,all right,,,,,,
ALL OVER,3-K,2135,4420,___,___,__,The news was all over the web.,all over,,,,,,
ALL BUT,3-K,3157,2214,___,___,_,She all but sent him chocolates and flowers.,all but,,,,,,
AIMED AT,3-K,2907,2573,__,___,___,The study is aimed at exploring how people use it.,aimed at,,,,,,
AIM TO,3-K,2484,3415,__,___,___,They aim to complete the project by the spring.,aim to,,,,,,
AFTER ALL,2-K,1904,5197,___,___,__,"He is only six years old, after all.",after all,,,,,,
AFFORD TO,4-K,3355,1989,___,___,__,It’s something you can’t afford to miss.,afford to,,,,,,
ADD TO,4-K,4071,1424,___,___,___,It does nothing to add to the scenery.,add to,,,,,,
ACT ON,4-K,4261,1296,___,___,___,She never acted on that rage.,act on,,,,,,
ACCOUNT FOR,2-K,2060,4642,__,___,___,They’ll need to account for their actions.,account for,,,,,,
ABOVE ALL,3-K,3160,2212,___,___,___,It is above all what people care most about.,above all,,,,,,
ABOUT TO,2-K,2075,4600,___,___,__,Things were about to change.,about to,,,,,,
A VARIETY OF,3-K,2179,4283,___,___,___,And a variety of issues seemed to stall the process.,a variety of,,,,,,
A SINGLE,2-K,1356,8710,___,___,__,Not a single idea emerged from the meeting.,a single,,,,,,
A RANGE OF,2-K,1779,5651,___,___,___,"Eventually, a range of events changed that.",a range of,,,,,,
A QUESTION OF,5-K,4482,1174,___,___,___,It’s a question of trust.,a question of,,,,,,
A NUMBER OF,1-K,854,15090,___,___,___,A number of concerns were raised.,a number of,,,,,,
A MERE,4-K,4092,1410,__,___,___,She made a mere penny per shirt.,a mere,,,,,,
A LOT,1-K,598,22332,___,__,–,They go camping a lot in the summer.,a lot,,,,,,
A LONG WAY,4-K,3851,1557,___,___,__,A little bit of compassion can go a long way.,a long way,,,,,,
A LITTLE,1-K,655,20296,___,___,__,I like to work out a little before dinner.,a little,,,,,,
A HANDFUL OF,5-K,4955,965,___,___,___,Only a handful of them were actually awake.,a handful of,,,,,,
A GREAT DEAL,2-K,1920,5126,___,___,__,She means a great deal to me.,a great deal,,,,,,
A GO,5-K,4639,1093,___,___,–,Why don’t you have a go?,a go,,,,,,
A FURTHER,2-K,1681,6121,_,___,___,It’s a further reason to reconsider the project.,a further,,,,,,
A FEW,1-K,489,26451,___,___,__,"After a few drinks, she started to dance.",a few,,,,,,
A DEGREE OF,5-K,5072,921,_,___,___,There is a degree of irony in the story.,a degree of,,,,,,
A COUPLE OF,2-K,1542,7007,___,___,–,They need a couple of minutes still.,a couple of,,,,,,
A CASE OF,5-K,5169,888,___,___,___,Now it’s just a case of getting them to subscribe.,a case of,,,,,,
A BIT OF A,4-K,3791,1599,___,__,–,He’s a bit of a film fanatic.,a bit of a,,,,,,
A BIT OF,1-K,674,19618,___,___,–,There was a bit of drama today at the office.,a bit of,,,,,,
A BIT,1-K,674,19618,___,___,–,There was a bit of drama today at the office.,a bit,,,,,,